Expiration Date,Calls,Last Sale,Net,Bid,Ask,Volume,IV,Delta,Gamma,Open Interest,Strike,Puts,Last Sale,Net,Bid,Ask,Volume,IV,Delta,Gamma,Open Interest
Wed May 01 2024,SPXW240501C05005000,0,0,99.5,99.9,0,0.1676,0.6434,0.0022,0,5005.00,SPXW240501P05005000,40.49,-2.31,41,41.4,11,0.1677,-0.3567,0.0022,9
Wed May 01 2024,SPXW240501C05010000,213.32,0,96.1,96.6,0,0.1669,0.6327,0.0022,7,5010.00,SPXW240501P05010000,50,0,42.5,42.9,0,0.167,-0.3674,0.0022,19
Wed May 01 2024,SPXW240501C05015000,0,0,92.7,93.1,0,0.166,0.6218,0.0023,0,5015.00,SPXW240501P05015000,50.82,0,44.1,44.5,0,0.1662,-0.3783,0.0023,33
Wed May 01 2024,SPXW240501C05020000,104.47,0,89.3,89.8,0,0.1653,0.6107,0.0023,22,5020.00,SPXW240501P05020000,46.62,-0.83,45.8,46.2,1,0.1655,-0.3894,0.0023,31
Wed May 01 2024,SPXW240501C05025000,100.98,0,86.1,86.6,0,0.1644,0.5994,0.0024,22,5025.00,SPXW240501P05025000,47.5,0,47.5,47.9,0,0.1646,-0.4006,0.0024,306
Wed May 01 2024,SPXW240501C05030000,90.4,0,82.9,83.4,0,0.1636,0.588,0.0024,1,5030.00,SPXW240501P05030000,46.5,-4.3,49.3,49.7,4,0.1636,-0.4121,0.0024,10
Wed May 01 2024,SPXW240501C05035000,83.19,-5.81,79.8,80.2,2,0.1628,0.5764,0.0024,11,5035.00,SPXW240501P05035000,50.51,-2.04,51.1,51.5,12,0.163,-0.4237,0.0024,202
Wed May 01 2024,SPXW240501C05040000,94.34,0,76.7,77.1,0,0.1619,0.5646,0.0024,1,5040.00,SPXW240501P05040000,52,-2.35,53,53.4,1,0.162,-0.4355,0.0024,84
Wed May 01 2024,SPXW240501C05045000,81,0,73.6,74.1,0,0.1612,0.5526,0.0024,13,5045.00,SPXW240501P05045000,55.47,-0.73,54.9,55.4,5,0.1612,-0.4474,0.0024,29
Wed May 01 2024,SPXW240501C05050000,73,-6.6,70.6,71,1,0.1603,0.5406,0.0025,10,5050.00,SPXW240501P05050000,56.64,-1.51,56.9,57.4,28,0.1604,-0.4595,0.0025,932
Wed May 01 2024,SPXW240501C05055000,70.91,0,67.7,68.2,0,0.1596,0.5283,0.0025,3,5055.00,SPXW240501P05055000,57.95,-2.15,59,59.4,1,0.1597,-0.4718,0.0025,43
Wed May 01 2024,SPXW240501C05060000,67.6,-6.05,64.8,65.3,22,0.1587,0.5159,0.0025,55,5060.00,SPXW240501P05060000,60,-2.15,61.1,61.6,4,0.1588,-0.4842,0.0025,115
Wed May 01 2024,SPXW240501C05065000,71.78,0,62,62.4,0,0.1579,0.5034,0.0025,10,5065.00,SPXW240501P05065000,62.13,-2.07,63.3,63.8,3,0.1581,-0.4967,0.0025,58
Wed May 01 2024,SPXW240501C05070000,61.55,-6.3,59.3,59.7,5,0.1572,0.4908,0.0025,7,5070.00,SPXW240501P05070000,64.14,-2.21,65.6,66,4,0.1572,-0.5093,0.0025,428
Wed May 01 2024,SPXW240501C05075000,62.7,-2.35,56.6,57,2,0.1564,0.478,0.0025,5,5075.00,SPXW240501P05075000,71,0,67.9,68.3,0,0.1564,-0.522,0.0025,914
Wed May 01 2024,SPXW240501C05080000,53.72,-8.63,54,54.4,6,0.1556,0.4652,0.0026,642,5080.00,SPXW240501P05080000,65.13,-5.67,70.3,70.7,11,0.1556,-0.5349,0.0026,31
Wed May 01 2024,SPXW240501C05085000,52.72,-6.93,51.5,51.9,12,0.1547,0.4523,0.0026,12,5085.00,SPXW240501P05085000,77.89,0,72.8,73.2,0,0.1549,-0.5478,0.0026,46
Wed May 01 2024,SPXW240501C05090000,50.1,-6.95,49,49.4,13,0.1541,0.4393,0.0026,49,5090.00,SPXW240501P05090000,76.76,0,75.3,75.7,0,0.154,-0.5607,0.0026,128
Wed May 01 2024,SPXW240501C05095000,56.2,1.65,46.7,47,10,0.1533,0.4263,0.0026,22,5095.00,SPXW240501P05095000,83.32,0,77.9,78.3,0,0.1533,-0.5738,0.0026,62
Wed May 01 2024,SPXW240501C05100000,47.35,-4.7,44.3,44.7,49,0.1525,0.4133,0.0026,323,5100.00,SPXW240501P05100000,77.12,-3.33,80.5,81,23,0.1526,-0.5868,0.0026,576
Thu May 02 2024,SPXW240502C05005000,104.2,-8.9,103.6,104.1,5,0.1686,0.6437,0.0021,0,5005.00,SPXW240502P05005000,48.05,0,42.7,43.1,0,0.1691,-0.3567,0.0021,20
Thu May 02 2024,SPXW240502C05010000,103.4,0,100.1,100.6,0,0.1679,0.6335,0.0022,6,5010.00,SPXW240502P05010000,44.37,-1.58,44.3,44.7,3,0.1683,-0.3669,0.0022,18
Thu May 02 2024,SPXW240502C05015000,100.1,0,96.7,97.2,0,0.1671,0.6231,0.0022,6,5015.00,SPXW240502P05015000,44.56,-2.94,45.9,46.3,2,0.1675,-0.3774,0.0022,6
Thu May 02 2024,SPXW240502C05020000,96.1,0,93.4,93.9,0,0.1662,0.6125,0.0022,12,5020.00,SPXW240502P05020000,54.48,0,47.5,48,0,0.1666,-0.3879,0.0022,40
Thu May 02 2024,SPXW240502C05025000,91.9,0,90.1,90.7,0,0.1654,0.6017,0.0022,46,5025.00,SPXW240502P05025000,42.24,-8.46,49.2,49.7,1,0.1658,-0.3987,0.0022,25
Thu May 02 2024,SPXW240502C05030000,100.5,0,86.9,87.4,0,0.1645,0.5908,0.0023,2,5030.00,SPXW240502P05030000,49.08,0,51,51.4,0,0.165,-0.4096,0.0023,36
Thu May 02 2024,SPXW240502C05035000,93.41,0.51,83.7,84.2,2,0.1638,0.5797,0.0023,15,5035.00,SPXW240502P05035000,52.59,-1.56,52.8,53.3,1,0.1642,-0.4208,0.0023,5
Thu May 02 2024,SPXW240502C05040000,92.72,0,80.6,81.1,0,0.1629,0.5684,0.0023,1,5040.00,SPXW240502P05040000,49.77,-6.18,54.6,55.1,62,0.1635,-0.432,0.0023,82
Thu May 02 2024,SPXW240502C05045000,0,0,77.5,78.1,0,0.1622,0.557,0.0024,0,5045.00,SPXW240502P05045000,31.38,0,56.6,57,0,0.1626,-0.4434,0.0024,19
Thu May 02 2024,SPXW240502C05050000,198.8,0,74.5,75,0,0.1613,0.5454,0.0024,4,5050.00,SPXW240502P05050000,58.5,-1.2,58.5,59,2,0.1618,-0.455,0.0024,245
Thu May 02 2024,SPXW240502C05055000,74.27,-6.13,71.5,72,1,0.1606,0.5337,0.0024,3,5055.00,SPXW240502P05055000,60.21,-1.39,60.6,61.1,2,0.161,-0.4667,0.0024,21
Thu May 02 2024,SPXW240502C05060000,78.93,0,68.7,69.1,0,0.1598,0.5218,0.0024,8,5060.00,SPXW240502P05060000,62.55,-1.05,62.7,63.2,1,0.1602,-0.4786,0.0024,20
Thu May 02 2024,SPXW240502C05065000,75.93,0,65.8,66.3,0,0.1591,0.5099,0.0024,1,5065.00,SPXW240502P05065000,67,1.35,64.8,65.3,2,0.1595,-0.4906,0.0024,37
Thu May 02 2024,SPXW240502C05070000,70.62,-0.98,63.1,63.5,7,0.1582,0.4978,0.0024,30,5070.00,SPXW240502P05070000,67.65,-0.1,67,67.5,7,0.1587,-0.5026,0.0024,38
Thu May 02 2024,SPXW240502C05075000,60.55,-8.2,60.4,60.8,64,0.1575,0.4856,0.0024,0,5075.00,SPXW240502P05075000,62.2,-7.7,69.3,69.8,8,0.1578,-0.5149,0.0024,26
Thu May 02 2024,SPXW240502C05080000,72.7,0,57.7,58.2,0,0.1567,0.4733,0.0024,18,5080.00,SPXW240502P05080000,66.85,0,71.6,72.2,0,0.157,-0.5272,0.0024,66
Thu May 02 2024,SPXW240502C05085000,67.28,3.98,55.1,55.6,1,0.1559,0.4609,0.0024,43,5085.00,SPXW240502P05085000,43.34,0,74.1,74.6,0,0.1563,-0.5396,0.0024,17
Thu May 02 2024,SPXW240502C05090000,70.85,0,52.7,53.1,0,0.1551,0.4484,0.0025,6,5090.00,SPXW240502P05090000,70.1,-6.7,76.5,77,5,0.1556,-0.552,0.0025,55
Thu May 02 2024,SPXW240502C05095000,62.42,4.37,50.2,50.6,2,0.1544,0.4359,0.0025,11,5095.00,SPXW240502P05095000,72.38,-6.82,79.1,79.6,1,0.1547,-0.5645,0.0025,21
Thu May 02 2024,SPXW240502C05100000,50.49,-5.06,47.8,48.3,34,0.1536,0.4234,0.0025,24,5100.00,SPXW240502P05100000,69.85,-11.8,81.7,82.2,1,0.154,-0.5771,0.0025,139
Fri May 03 2024,SPXW240503C05005000,127.85,0,107.3,107.7,0,0.1721,0.6385,0.002,5,5005.00,SPXW240503P05005000,45.7,-1.85,45.9,46.4,55,0.1722,-0.362,0.002,105
Fri May 03 2024,SPXW240503C05010000,108.19,-5.06,103.9,104.3,30,0.1712,0.6287,0.0021,50,5010.00,SPXW240503P05010000,48.24,-0.81,47.5,47.9,41,0.1715,-0.3718,0.0021,408
Fri May 03 2024,SPXW240503C05015000,104.2,0,100.5,100.9,0,0.1705,0.6187,0.0021,6,5015.00,SPXW240503P05015000,47.13,-3.52,49.1,49.5,10,0.1706,-0.3817,0.0021,121
Fri May 03 2024,SPXW240503C05020000,111.06,0,97.2,97.6,0,0.1697,0.6086,0.0021,98,5020.00,SPXW240503P05020000,49.07,-3.18,50.8,51.2,11,0.1699,-0.3918,0.0021,226
Fri May 03 2024,SPXW240503C05025000,94.4,0,93.9,94.3,0,0.1688,0.5984,0.0021,55,5025.00,SPXW240503P05025000,53.51,-0.39,52.5,52.9,23,0.1691,-0.4021,0.0021,2960
Fri May 03 2024,SPXW240503C05030000,94.59,-5.21,90.8,91.2,2,0.1681,0.5879,0.0022,59,5030.00,SPXW240503P05030000,56.58,0,54.3,54.7,0,0.1682,-0.4125,0.0022,487
Fri May 03 2024,SPXW240503C05035000,94.6,-1.95,87.5,88,2,0.1674,0.5774,0.0022,42,5035.00,SPXW240503P05035000,54.99,-2.36,56.1,56.5,10,0.1675,-0.4231,0.0022,203
Fri May 03 2024,SPXW240503C05040000,92.33,-1.02,84.5,84.9,9,0.1665,0.5666,0.0022,99,5040.00,SPXW240503P05040000,54.71,-4.44,58,58.4,36,0.1666,-0.4338,0.0022,907
Fri May 03 2024,SPXW240503C05045000,90.6,0,81.4,81.9,0,0.1657,0.5558,0.0022,43,5045.00,SPXW240503P05045000,60.72,-0.23,59.9,60.3,5,0.1658,-0.4447,0.0022,155
Fri May 03 2024,SPXW240503C05050000,88.59,1.44,78.4,78.8,13,0.1649,0.5448,0.0022,172,5050.00,SPXW240503P05050000,63.91,1.06,61.9,62.3,60,0.165,-0.4556,0.0022,2879
Fri May 03 2024,SPXW240503C05055000,80.4,-3.7,75.4,75.9,19,0.164,0.5337,0.0023,55,5055.00,SPXW240503P05055000,56.83,-8.02,63.9,64.3,2,0.1643,-0.4668,0.0023,146
Fri May 03 2024,SPXW240503C05060000,73.6,-7.55,72.5,72.9,76,0.1634,0.5224,0.0023,118,5060.00,SPXW240503P05060000,65.6,-1.25,66,66.4,22,0.1633,-0.478,0.0023,306
Fri May 03 2024,SPXW240503C05065000,80.3,2.15,69.7,70.1,13,0.1626,0.511,0.0023,32,5065.00,SPXW240503P05065000,64.57,-4.28,68.1,68.6,24,0.1627,-0.4894,0.0023,162
Fri May 03 2024,SPXW240503C05070000,69.83,-5.47,66.9,67.3,85,0.1617,0.4996,0.0023,257,5070.00,SPXW240503P05070000,66.04,-4.91,70.3,70.8,36,0.1619,-0.5008,0.0023,481
Fri May 03 2024,SPXW240503C05075000,66.6,-5.85,64.2,64.6,34,0.1609,0.488,0.0023,208,5075.00,SPXW240503P05075000,73.76,0.61,72.6,73,19,0.1612,-0.5124,0.0023,346
Fri May 03 2024,SPXW240503C05080000,72.6,2.95,61.5,61.9,5,0.1602,0.4764,0.0023,79,5080.00,SPXW240503P05080000,76.31,0.96,74.9,75.4,129,0.1602,-0.5241,0.0023,757
Fri May 03 2024,SPXW240503C05085000,70.2,3.25,58.9,59.3,6,0.1594,0.4646,0.0023,37,5085.00,SPXW240503P05085000,77,-0.6,77.3,77.8,7,0.1595,-0.5358,0.0023,224
Fri May 03 2024,SPXW240503C05090000,61.59,-2.76,56.4,56.8,64,0.1586,0.4528,0.0023,185,5090.00,SPXW240503P05090000,69.6,-10.3,79.7,80.2,29,0.1588,-0.5476,0.0023,451
Fri May 03 2024,SPXW240503C05095000,55.86,-5.89,53.9,54.3,36,0.1579,0.4409,0.0023,75,5095.00,SPXW240503P05095000,78.2,0,82.2,82.7,0,0.158,-0.5595,0.0023,449
Fri May 03 2024,SPXW240503C05100000,51.96,-7.24,51.5,51.9,10,0.1571,0.429,0.0023,695,5100.00,SPXW240503P05100000,81.97,-2.78,84.8,85.3,20,0.1572,-0.5714,0.0023,3106
Mon May 06 2024,SPXW240506C05005000,123.17,0,110.1,110.6,0,0.1637,0.6355,0.002,3,5005.00,SPXW240506P05005000,52.68,0,48.1,48.6,0,0.1638,-0.3646,0.002,15
Mon May 06 2024,SPXW240506C05010000,119.72,0,106.6,107.2,0,0.1629,0.6261,0.002,3,5010.00,SPXW240506P05010000,51.96,0,49.7,50.1,0,0.1631,-0.3741,0.002,36
Mon May 06 2024,SPXW240506C05015000,163.34,0,103.4,103.9,0,0.1621,0.6165,0.002,1,5015.00,SPXW240506P05015000,32.7,0,51.3,51.8,0,0.1623,-0.3837,0.002,20
Mon May 06 2024,SPXW240506C05020000,100.53,-8.62,100,100.5,2,0.1614,0.6067,0.002,3,5020.00,SPXW240506P05020000,57.03,0,52.9,53.4,0,0.1616,-0.3934,0.002,34
Mon May 06 2024,SPXW240506C05025000,97.31,-8.54,96.8,97.3,2,0.1606,0.5968,0.0021,11,5025.00,SPXW240506P05025000,53,-2.9,54.7,55.2,45,0.1608,-0.4034,0.0021,506
Mon May 06 2024,SPXW240506C05030000,110.32,0,93.5,94,0,0.1599,0.5868,0.0021,21,5030.00,SPXW240506P05030000,56.73,0,56.4,56.9,0,0.1601,-0.4134,0.0021,30
Mon May 06 2024,SPXW240506C05035000,107.07,0,90.3,90.8,0,0.1591,0.5766,0.0021,15,5035.00,SPXW240506P05035000,63.4,0,58.2,58.7,0,0.1594,-0.4236,0.0021,9
Mon May 06 2024,SPXW240506C05040000,187.22,0,87.2,87.7,0,0.1584,0.5662,0.0021,12,5040.00,SPXW240506P05040000,65.26,0,60.1,60.6,0,0.1585,-0.4339,0.0021,327
Mon May 06 2024,SPXW240506C05045000,88.5,0,84.1,84.6,0,0.1575,0.5558,0.0022,2,5045.00,SPXW240506P05045000,67.49,0,62,62.5,0,0.1578,-0.4444,0.0022,19
Mon May 06 2024,SPXW240506C05050000,84.93,0,81.2,81.7,0,0.1568,0.5452,0.0022,30,5050.00,SPXW240506P05050000,63.9,-1,64,64.5,2,0.157,-0.455,0.0022,862
Mon May 06 2024,SPXW240506C05055000,81.89,0,78.2,78.7,0,0.156,0.5344,0.0022,16,5055.00,SPXW240506P05055000,71.79,0,66,66.5,0,0.1562,-0.4657,0.0022,6
Mon May 06 2024,SPXW240506C05060000,84.5,0.7,75.3,75.8,2,0.1553,0.5236,0.0022,54,5060.00,SPXW240506P05060000,60,0,68.1,68.6,0,0.1555,-0.4766,0.0022,82
Mon May 06 2024,SPXW240506C05065000,82.4,0,72.4,72.9,0,0.1546,0.5126,0.0022,12,5065.00,SPXW240506P05065000,70.41,-0.39,70.2,70.7,2,0.1547,-0.4875,0.0022,4
Mon May 06 2024,SPXW240506C05070000,84.6,0,69.6,70.1,0,0.1538,0.5016,0.0022,18,5070.00,SPXW240506P05070000,72.59,-0.31,72.4,72.9,2,0.154,-0.4986,0.0022,49
Mon May 06 2024,SPXW240506C05075000,78.5,3.4,66.9,67.4,5,0.153,0.4904,0.0022,1,5075.00,SPXW240506P05075000,88.76,0,74.6,75.2,0,0.1534,-0.5097,0.0022,260
Mon May 06 2024,SPXW240506C05080000,74.7,0,64.2,64.7,0,0.1523,0.4792,0.0022,38,5080.00,SPXW240506P05080000,80.63,0,76.9,77.5,0,0.1525,-0.521,0.0022,66
Mon May 06 2024,SPXW240506C05085000,79.66,0,61.6,62,0,0.1516,0.4679,0.0022,17,5085.00,SPXW240506P05085000,82.1,0,79.3,79.8,0,0.1518,-0.5323,0.0022,3
Mon May 06 2024,SPXW240506C05090000,61,0,59,59.5,0,0.1509,0.4565,0.0022,14,5090.00,SPXW240506P05090000,88.69,0,81.7,82.2,0,0.1511,-0.5437,0.0022,19
Mon May 06 2024,SPXW240506C05095000,75.1,0,56.5,57,0,0.1501,0.445,0.0023,1,5095.00,SPXW240506P05095000,67.82,0,84.2,84.7,0,0.1504,-0.5551,0.0023,19
Mon May 06 2024,SPXW240506C05100000,65.8,4.1,54.1,54.5,30,0.1495,0.4335,0.0023,431,5100.00,SPXW240506P05100000,92.3,0,86.7,87.3,0,0.1497,-0.5666,0.0023,610
Tue May 07 2024,SPXW240507C05005000,0,0,112.7,113.3,0,0.1643,0.6337,0.0019,0,5005.00,SPXW240507P05005000,0,0,49.9,50.4,0,0.1646,-0.3664,0.0019,0
Tue May 07 2024,SPXW240507C05010000,0,0,109.2,109.8,0,0.1636,0.6245,0.0019,6,5010.00,SPXW240507P05010000,54.07,0,51.5,51.9,0,0.1638,-0.3757,0.0019,4
Tue May 07 2024,SPXW240507C05015000,0,0,105.9,106.5,0,0.1627,0.6152,0.002,0,5015.00,SPXW240507P05015000,54.79,0,53.1,53.6,0,0.1631,-0.385,0.002,3
Tue May 07 2024,SPXW240507C05020000,179.2,0,102.6,103.2,0,0.162,0.6056,0.002,5,5020.00,SPXW240507P05020000,55.45,-0.55,54.8,55.3,1,0.1621,-0.3945,0.002,27
Tue May 07 2024,SPXW240507C05025000,102.48,-5.87,99.3,99.8,2,0.1613,0.596,0.002,0,5025.00,SPXW240507P05025000,58.82,0,56.5,57,0,0.1614,-0.4042,0.002,9
Tue May 07 2024,SPXW240507C05030000,0,0,96.1,96.6,0,0.1605,0.5862,0.002,0,5030.00,SPXW240507P05030000,65.69,0,58.2,58.7,0,0.1607,-0.4139,0.002,7
Tue May 07 2024,SPXW240507C05035000,96.34,-5.46,92.9,93.5,2,0.1598,0.5763,0.002,0,5035.00,SPXW240507P05035000,65.68,0,60,60.5,0,0.1599,-0.4238,0.002,1
Tue May 07 2024,SPXW240507C05040000,0,0,89.8,90.3,0,0.159,0.5663,0.0021,0,5040.00,SPXW240507P05040000,67.58,0,61.9,62.4,0,0.1593,-0.4339,0.0021,23
Tue May 07 2024,SPXW240507C05045000,143.41,0,86.7,87.3,0,0.1583,0.5561,0.0021,2,5045.00,SPXW240507P05045000,56.79,-7.91,63.8,64.3,2,0.1585,-0.444,0.0021,3
Tue May 07 2024,SPXW240507C05050000,234.14,0,83.7,84.2,0,0.1575,0.5458,0.0021,21,5050.00,SPXW240507P05050000,61.9,0,65.8,66.3,0,0.1576,-0.4543,0.0021,217
Tue May 07 2024,SPXW240507C05055000,138.71,0,80.7,81.3,0,0.1568,0.5354,0.0021,1,5055.00,SPXW240507P05055000,75.35,0,67.8,68.3,0,0.157,-0.4648,0.0021,5
Tue May 07 2024,SPXW240507C05060000,78.95,-7.35,77.8,78.3,20,0.156,0.5249,0.0021,5,5060.00,SPXW240507P05060000,67,0,69.8,70.4,0,0.1562,-0.4753,0.0021,17
Tue May 07 2024,SPXW240507C05065000,0,0,74.9,75.5,0,0.1553,0.5143,0.0022,0,5065.00,SPXW240507P05065000,74.5,0,72,72.5,0,0.1554,-0.4859,0.0022,4
Tue May 07 2024,SPXW240507C05070000,73.08,-7.37,72.1,72.6,5,0.1545,0.5035,0.0022,6,5070.00,SPXW240507P05070000,67.58,-7.02,74.1,74.7,1,0.1547,-0.4966,0.0022,9
Tue May 07 2024,SPXW240507C05075000,70.33,-7.22,69.4,69.9,5,0.1538,0.4927,0.0022,2,5075.00,SPXW240507P05075000,83.72,0,76.3,76.9,0,0.1539,-0.5074,0.0022,30
Tue May 07 2024,SPXW240507C05080000,87.6,0,66.7,67.2,0,0.153,0.4818,0.0022,5,5080.00,SPXW240507P05080000,77.2,-1.7,78.6,79.2,1,0.1532,-0.5184,0.0022,45
Tue May 07 2024,SPXW240507C05085000,75.92,3.92,64,64.5,21,0.1523,0.4708,0.0022,2,5085.00,SPXW240507P05085000,88.25,0,81,81.5,0,0.1525,-0.5293,0.0022,22
Tue May 07 2024,SPXW240507C05090000,124.3,0,61.4,61.9,0,0.1516,0.4598,0.0022,10,5090.00,SPXW240507P05090000,78.03,0,83.4,83.9,0,0.1518,-0.5404,0.0022,30
Tue May 07 2024,SPXW240507C05095000,0,0,58.9,59.4,0,0.1509,0.4486,0.0022,0,5095.00,SPXW240507P05095000,56.68,0,85.8,86.4,0,0.151,-0.5515,0.0022,1
Tue May 07 2024,SPXW240507C05100000,63.19,0,56.4,56.9,0,0.1502,0.4375,0.0022,1,5100.00,SPXW240507P05100000,83.49,0,88.3,88.9,0,0.1504,-0.5627,0.0022,173
Wed May 08 2024,SPXW240508C05005000,0,0,115.2,115.7,0,0.165,0.632,0.0019,0,5005.00,SPXW240508P05005000,0,0,51.7,52.1,0,0.1652,-0.3682,0.0019,0
Wed May 08 2024,SPXW240508C05010000,170.1,0,111.8,112.4,0,0.1641,0.6231,0.0019,5,5010.00,SPXW240508P05010000,47.4,0,53.2,53.7,0,0.1643,-0.3771,0.0019,7
Wed May 08 2024,SPXW240508C05015000,0,0,108.4,108.9,0,0.1634,0.614,0.0019,0,5015.00,SPXW240508P05015000,54.2,-1.9,54.9,55.3,8,0.1636,-0.3862,0.0019,1
Wed May 08 2024,SPXW240508C05020000,114.76,0,105.2,105.7,0,0.1625,0.6048,0.0019,4,5020.00,SPXW240508P05020000,56.11,-1.59,56.5,57,2,0.1627,-0.3954,0.0019,13
Wed May 08 2024,SPXW240508C05025000,107.7,0,101.8,102.3,0,0.1618,0.5954,0.002,11,5025.00,SPXW240508P05025000,52.13,-7.17,58.2,58.7,1,0.162,-0.4048,0.002,420
Wed May 08 2024,SPXW240508C05030000,0,0,98.6,99.1,0,0.161,0.5859,0.002,0,5030.00,SPXW240508P05030000,63.98,0,60,60.4,0,0.1613,-0.4142,0.002,7
Wed May 08 2024,SPXW240508C05035000,109.8,5.6,95.4,95.9,14,0.1602,0.5763,0.002,1,5035.00,SPXW240508P05035000,0,0,61.8,62.2,0,0.1605,-0.4239,0.002,0
Wed May 08 2024,SPXW240508C05040000,105.45,0,92.3,92.8,0,0.1596,0.5666,0.002,5,5040.00,SPXW240508P05040000,64.33,-0.22,63.6,64.1,1,0.1598,-0.4336,0.002,22
Wed May 08 2024,SPXW240508C05045000,91.27,0,89.2,89.7,0,0.1588,0.5567,0.002,4,5045.00,SPXW240508P05045000,47.1,0,65.5,66,0,0.159,-0.4435,0.002,33
Wed May 08 2024,SPXW240508C05050000,93.16,-1.54,86.2,86.7,2,0.1581,0.5467,0.002,17,5050.00,SPXW240508P05050000,67.02,-1.18,67.5,67.9,27,0.1583,-0.4535,0.002,993
Wed May 08 2024,SPXW240508C05055000,86.73,-4.97,83.2,83.7,1,0.1573,0.5366,0.0021,0,5055.00,SPXW240508P05055000,69.38,-0.82,69.5,69.9,1,0.1575,-0.4636,0.0021,50
Wed May 08 2024,SPXW240508C05060000,82.83,-5.82,80.3,80.8,3,0.1565,0.5264,0.0021,6,5060.00,SPXW240508P05060000,71.5,0,71.5,72,0,0.1568,-0.4738,0.0021,36
Wed May 08 2024,SPXW240508C05065000,79.45,-6.25,77.4,77.9,15,0.1558,0.516,0.0021,3,5065.00,SPXW240508P05065000,78.29,0,73.6,74.1,0,0.156,-0.4842,0.0021,2
Wed May 08 2024,SPXW240508C05070000,85,2.2,74.6,75,4,0.155,0.5056,0.0021,5,5070.00,SPXW240508P05070000,76,-0.2,75.8,76.3,4,0.1553,-0.4946,0.0021,6
Wed May 08 2024,SPXW240508C05075000,79.2,0,71.8,72.3,0,0.1543,0.4951,0.0021,21,5075.00,SPXW240508P05075000,29.7,0,78,78.5,0,0.1546,-0.5051,0.0021,59
Wed May 08 2024,SPXW240508C05080000,77.88,0.78,69.1,69.5,1,0.1535,0.4845,0.0021,4,5080.00,SPXW240508P05080000,75.18,-5.32,80.2,80.7,1,0.1537,-0.5157,0.0021,5
Wed May 08 2024,SPXW240508C05085000,78.32,4.02,66.4,66.9,2,0.1528,0.4738,0.0021,5,5085.00,SPXW240508P05085000,0,0,82.6,83.1,0,0.153,-0.5264,0.0021,0
Wed May 08 2024,SPXW240508C05090000,106.3,0,63.8,64.3,0,0.1521,0.463,0.0021,8,5090.00,SPXW240508P05090000,77.6,-7.4,84.9,85.5,1,0.1522,-0.5371,0.0021,33
Wed May 08 2024,SPXW240508C05095000,0,0,61.3,61.7,0,0.1514,0.4522,0.0021,0,5095.00,SPXW240508P05095000,85.72,-1.58,87.4,87.9,2,0.1516,-0.548,0.0021,2
Wed May 08 2024,SPXW240508C05100000,67.46,1.16,58.8,59.2,1,0.1507,0.4413,0.0021,2,5100.00,SPXW240508P05100000,95.5,0,89.9,90.4,0,0.1508,-0.5588,0.0021,66
Thu May 09 2024,SPXW240509C05005000,0,0,117.9,118.5,0,0.1652,0.6318,0.0018,0,5005.00,SPXW240509P05005000,0,0,53.1,53.5,0,0.1655,-0.3687,0.0018,0
Thu May 09 2024,SPXW240509C05010000,0,0,114.5,115.1,0,0.1645,0.6231,0.0018,0,5010.00,SPXW240509P05010000,42.7,0,54.7,55.1,0,0.1647,-0.3774,0.0018,37
Thu May 09 2024,SPXW240509C05015000,0,0,111.1,111.7,0,0.1636,0.6142,0.0019,0,5015.00,SPXW240509P05015000,0,0,56.3,56.7,0,0.1639,-0.3863,0.0019,0
Thu May 09 2024,SPXW240509C05020000,111.19,-5.66,107.8,108.4,2,0.1629,0.6052,0.0019,5,5020.00,SPXW240509P05020000,62.7,0,57.9,58.4,0,0.1632,-0.3953,0.0019,11
Thu May 09 2024,SPXW240509C05025000,116.36,0,104.5,105.1,0,0.1621,0.5961,0.0019,2,5025.00,SPXW240509P05025000,57.54,0,59.6,60.1,0,0.1624,-0.4044,0.0019,22
Thu May 09 2024,SPXW240509C05030000,0,0,101.3,101.9,0,0.1614,0.5869,0.0019,0,5030.00,SPXW240509P05030000,38.35,0,61.4,61.9,0,0.1618,-0.4136,0.0019,16
Thu May 09 2024,SPXW240509C05035000,111.87,0,98.2,98.7,0,0.1606,0.5775,0.0019,1,5035.00,SPXW240509P05035000,0,0,63.2,63.6,0,0.1609,-0.423,0.0019,0
Thu May 09 2024,SPXW240509C05040000,0,0,95,95.6,0,0.1598,0.568,0.002,0,5040.00,SPXW240509P05040000,70.15,0,65,65.5,0,0.1602,-0.4325,0.002,106
Thu May 09 2024,SPXW240509C05045000,106.16,0,92,92.5,0,0.1592,0.5584,0.002,0,5045.00,SPXW240509P05045000,0,0,66.9,67.4,0,0.1595,-0.4421,0.002,0
Thu May 09 2024,SPXW240509C05050000,99,0,88.9,89.4,0,0.1584,0.5487,0.002,8,5050.00,SPXW240509P05050000,62.57,-6.98,68.8,69.3,2,0.1587,-0.4518,0.002,174
Thu May 09 2024,SPXW240509C05055000,144.89,0,85.9,86.4,0,0.1576,0.5389,0.002,1,5055.00,SPXW240509P05055000,0,0,70.8,71.3,0,0.1579,-0.4616,0.002,0
Thu May 09 2024,SPXW240509C05060000,82.9,-8.35,83,83.5,2,0.1569,0.5289,0.002,6,5060.00,SPXW240509P05060000,66.24,-7.21,72.8,73.4,2,0.1571,-0.4716,0.002,64
Thu May 09 2024,SPXW240509C05065000,0,0,80.1,80.6,0,0.1562,0.5189,0.002,0,5065.00,SPXW240509P05065000,52.42,0,74.9,75.4,0,0.1564,-0.4816,0.002,1
Thu May 09 2024,SPXW240509C05070000,88.48,3.13,77.2,77.7,1,0.1554,0.5087,0.002,5,5070.00,SPXW240509P05070000,49.38,0,77.1,77.6,0,0.1558,-0.4918,0.002,8
Thu May 09 2024,SPXW240509C05075000,0,0,74.4,74.9,0,0.1547,0.4985,0.0021,0,5075.00,SPXW240509P05075000,72.51,-7.04,79.3,79.8,1,0.155,-0.502,0.0021,353
Thu May 09 2024,SPXW240509C05080000,0,0,71.7,72.2,0,0.154,0.4882,0.0021,0,5080.00,SPXW240509P05080000,86.53,0,81.5,82,0,0.1543,-0.5123,0.0021,8
Thu May 09 2024,SPXW240509C05085000,0,0,69,69.5,0,0.1532,0.4778,0.0021,0,5085.00,SPXW240509P05085000,49.7,0,83.8,84.3,0,0.1535,-0.5227,0.0021,2
Thu May 09 2024,SPXW240509C05090000,142.9,0,66.4,66.9,0,0.1526,0.4673,0.0021,2,5090.00,SPXW240509P05090000,82.86,0,86.1,86.7,0,0.1529,-0.5332,0.0021,50
Thu May 09 2024,SPXW240509C05095000,129.59,0,63.8,64.3,0,0.1518,0.4567,0.0021,1,5095.00,SPXW240509P05095000,85.9,0,88.5,89.1,0,0.1522,-0.5438,0.0021,2
Thu May 09 2024,SPXW240509C05100000,72.48,3.68,61.3,61.8,1,0.1512,0.4461,0.0021,259,5100.00,SPXW240509P05100000,101.18,0,91,91.6,0,0.1513,-0.5544,0.0021,264
Fri May 10 2024,SPXW240510C05005000,184,0,119.9,120.4,0,0.1654,0.6294,0.0018,1,5005.00,SPXW240510P05005000,50.44,-5.81,55,55.4,1,0.1658,-0.3711,0.0018,277
Fri May 10 2024,SPXW240510C05010000,120.9,-4.55,116.4,116.9,1,0.1647,0.6209,0.0018,77,5010.00,SPXW240510P05010000,56.15,0,56.5,57,0,0.165,-0.3797,0.0018,519
Fri May 10 2024,SPXW240510C05015000,120.9,0,113.1,113.6,0,0.1638,0.6122,0.0018,20,5015.00,SPXW240510P05015000,53,-6.35,58.2,58.6,2,0.1643,-0.3883,0.0018,229
Fri May 10 2024,SPXW240510C05020000,114.73,0,109.7,110.2,0,0.1631,0.6034,0.0018,45,5020.00,SPXW240510P05020000,59.61,-1.34,59.8,60.3,55,0.1634,-0.3971,0.0018,449
Fri May 10 2024,SPXW240510C05025000,106.7,-8.6,106.5,107,20,0.1623,0.5945,0.0019,24,5025.00,SPXW240510P05025000,61.8,-0.75,61.5,62,20,0.1627,-0.4061,0.0019,1459
Fri May 10 2024,SPXW240510C05030000,109.5,0,103.2,103.8,0,0.1616,0.5854,0.0019,29,5030.00,SPXW240510P05030000,61.4,-2.85,63.3,63.7,10,0.162,-0.4151,0.0019,457
Fri May 10 2024,SPXW240510C05035000,102.6,-6.2,100.1,100.6,1,0.1609,0.5763,0.0019,24,5035.00,SPXW240510P05035000,58.1,-7.9,65.1,65.5,3,0.1613,-0.4243,0.0019,290
Fri May 10 2024,SPXW240510C05040000,96.73,-8.87,97,97.4,12,0.1602,0.567,0.0019,93,5040.00,SPXW240510P05040000,65.6,-2.15,66.9,67.4,38,0.1604,-0.4335,0.0019,576
Fri May 10 2024,SPXW240510C05045000,102.3,0,93.9,94.3,0,0.1594,0.5576,0.0019,20,5045.00,SPXW240510P05045000,61.3,-8.25,68.8,69.2,4,0.1597,-0.4429,0.0019,57
Fri May 10 2024,SPXW240510C05050000,95.16,0,90.9,91.3,0,0.1586,0.5481,0.002,785,5050.00,SPXW240510P05050000,72.55,1.1,70.7,71.2,14,0.1589,-0.4524,0.002,2437
Fri May 10 2024,SPXW240510C05055000,95.03,0,87.9,88.3,0,0.1579,0.5385,0.002,24,5055.00,SPXW240510P05055000,75.6,0,72.7,73.2,0,0.1582,-0.4621,0.002,231
Fri May 10 2024,SPXW240510C05060000,87.93,-5.27,84.9,85.3,9,0.1572,0.5288,0.002,144,5060.00,SPXW240510P05060000,74.7,-0.6,74.7,75.2,17,0.1575,-0.4718,0.002,264
Fri May 10 2024,SPXW240510C05065000,92.9,0,81.9,82.4,0,0.1565,0.5189,0.002,31,5065.00,SPXW240510P05065000,74.7,-2.6,76.8,77.3,10,0.1567,-0.4816,0.002,228
Fri May 10 2024,SPXW240510C05070000,91.2,3.9,79.1,79.6,5,0.1557,0.509,0.002,68,5070.00,SPXW240510P05070000,77.3,0,78.9,79.4,0,0.156,-0.4915,0.002,305
Fri May 10 2024,SPXW240510C05075000,89.9,0,76.3,76.8,0,0.155,0.499,0.002,43,5075.00,SPXW240510P05075000,73.4,-8,81.1,81.6,8,0.1553,-0.5015,0.002,308
Fri May 10 2024,SPXW240510C05080000,75.04,-6.46,73.6,74.1,205,0.1543,0.4889,0.002,108,5080.00,SPXW240510P05080000,82.1,-1.45,83.3,83.8,20,0.1546,-0.5116,0.002,296
Fri May 10 2024,SPXW240510C05085000,70.8,-7.95,70.9,71.4,25,0.1536,0.4788,0.002,24,5085.00,SPXW240510P05085000,76,-9.75,85.6,86.1,2,0.1539,-0.5218,0.002,239
Fri May 10 2024,SPXW240510C05090000,79.4,3.4,68.2,68.7,2,0.1529,0.4685,0.002,21,5090.00,SPXW240510P05090000,77.8,-10.2,88,88.5,5,0.1531,-0.532,0.002,198
Fri May 10 2024,SPXW240510C05095000,73.6,0,65.6,66.1,0,0.1521,0.4582,0.002,36,5095.00,SPXW240510P05095000,94.9,0,90.4,90.9,0,0.1524,-0.5423,0.002,121
Fri May 10 2024,SPXW240510C05100000,65.53,-5.12,63.1,63.6,9,0.1515,0.4479,0.002,175,5100.00,SPXW240510P05100000,93,0.4,92.8,93.3,7,0.1518,-0.5527,0.002,491
Mon May 13 2024,SPXW240513C05005000,138.02,6.57,122.4,123,10,0.16,0.6275,0.0017,0,5005.00,SPXW240513P05005000,57.36,-0.59,56.7,57.3,1,0.1602,-0.3727,0.0017,0
Mon May 13 2024,SPXW240513C05010000,172.31,0,119,119.6,0,0.1592,0.6192,0.0018,2,5010.00,SPXW240513P05010000,59.85,0,58.3,58.9,0,0.1595,-0.381,0.0018,16
Mon May 13 2024,SPXW240513C05015000,0,0,115.6,116.3,0,0.1585,0.6108,0.0018,0,5015.00,SPXW240513P05015000,60.3,-0.75,59.9,60.5,2,0.1587,-0.3895,0.0018,0
Mon May 13 2024,SPXW240513C05020000,121.7,0,112.3,112.9,0,0.1578,0.6022,0.0018,80,5020.00,SPXW240513P05020000,65.52,0,61.6,62.2,0,0.158,-0.398,0.0018,10
Mon May 13 2024,SPXW240513C05025000,109.11,-8.74,109,109.7,2,0.1571,0.5936,0.0018,1,5025.00,SPXW240513P05025000,67.05,0,63.3,63.9,0,0.1572,-0.4067,0.0018,24
Mon May 13 2024,SPXW240513C05030000,162.29,0,105.8,106.4,0,0.1563,0.5848,0.0018,1,5030.00,SPXW240513P05030000,67.32,0,65,65.6,0,0.1565,-0.4155,0.0018,101
Mon May 13 2024,SPXW240513C05035000,116.12,0,102.6,103.2,0,0.1556,0.5759,0.0018,1,5035.00,SPXW240513P05035000,0,0,66.8,67.4,0,0.1558,-0.4244,0.0018,0
Mon May 13 2024,SPXW240513C05040000,172.36,0,99.4,100.1,0,0.1548,0.5669,0.0019,9,5040.00,SPXW240513P05040000,69.47,0,68.6,69.3,0,0.155,-0.4334,0.0019,51
Mon May 13 2024,SPXW240513C05045000,0,0,96.3,97,0,0.1541,0.5577,0.0019,0,5045.00,SPXW240513P05045000,80,0,70.5,71.1,0,0.1544,-0.4422,0.0019,2
Mon May 13 2024,SPXW240513C05050000,98.15,0,93.3,93.9,0,0.1533,0.5485,0.0019,5,5050.00,SPXW240513P05050000,70.58,-2.57,72.4,73.1,5,0.1536,-0.4518,0.0019,37
Mon May 13 2024,SPXW240513C05055000,0,0,90.3,90.9,0,0.1526,0.5391,0.0019,0,5055.00,SPXW240513P05055000,77.43,0,74.4,75,0,0.1529,-0.4611,0.0019,10
Mon May 13 2024,SPXW240513C05060000,101.48,0,87.3,87.9,0,0.152,0.5297,0.0019,28,5060.00,SPXW240513P05060000,81,0,76.4,77.1,0,0.1522,-0.4706,0.0019,48
Mon May 13 2024,SPXW240513C05065000,86,0,84.4,85,0,0.1512,0.5201,0.0019,2,5065.00,SPXW240513P05065000,82.4,0,78.5,79.1,0,0.1515,-0.4801,0.0019,1
Mon May 13 2024,SPXW240513C05070000,94.54,4.84,81.5,82.1,20,0.1506,0.5105,0.0019,25,5070.00,SPXW240513P05070000,75.31,0,80.6,81.2,0,0.1508,-0.4898,0.0019,27
Mon May 13 2024,SPXW240513C05075000,94.7,0,78.7,79.3,0,0.1498,0.5008,0.002,22,5075.00,SPXW240513P05075000,90.16,0,82.8,83.4,0,0.15,-0.4995,0.002,54
Mon May 13 2024,SPXW240513C05080000,83.15,0,75.9,76.6,0,0.1492,0.491,0.002,4,5080.00,SPXW240513P05080000,83.9,0,85,85.6,0,0.1493,-0.5093,0.002,14
Mon May 13 2024,SPXW240513C05085000,0,0,73.3,73.9,0,0.1485,0.4811,0.002,0,5085.00,SPXW240513P05085000,0,0,87.2,87.9,0,0.1486,-0.5192,0.002,0
Mon May 13 2024,SPXW240513C05090000,78.75,0,70.6,71.2,0,0.1477,0.4711,0.002,59,5090.00,SPXW240513P05090000,70.02,0,89.5,90.2,0,0.1479,-0.5291,0.002,22
Mon May 13 2024,SPXW240513C05095000,0,0,68,68.6,0,0.1471,0.4611,0.002,0,5095.00,SPXW240513P05095000,0,0,91.9,92.6,0,0.1472,-0.5392,0.002,0
Mon May 13 2024,SPXW240513C05100000,73.8,0,65.4,66,0,0.1463,0.451,0.002,25,5100.00,SPXW240513P05100000,95.55,0,94.3,95,0,0.1466,-0.5492,0.002,406
Tue May 14 2024,SPXW240514C05005000,0,0,124.3,125,0,0.1605,0.6257,0.0017,0,5005.00,SPXW240514P05005000,0,0,58.4,59,0,0.1606,-0.3745,0.0017,0
Tue May 14 2024,SPXW240514C05010000,124.24,0,120.9,121.6,0,0.1598,0.6176,0.0017,2,5010.00,SPXW240514P05010000,67.55,0,60,60.6,0,0.1599,-0.3827,0.0017,38
Tue May 14 2024,SPXW240514C05015000,0,0,117.5,118.2,0,0.159,0.6093,0.0017,0,5015.00,SPXW240514P05015000,0,0,61.6,62.2,0,0.1592,-0.3909,0.0017,0
Tue May 14 2024,SPXW240514C05020000,194.23,0,114.2,114.9,0,0.1583,0.6009,0.0018,2,5020.00,SPXW240514P05020000,71,0,63.2,63.9,0,0.1584,-0.3993,0.0018,6
Tue May 14 2024,SPXW240514C05025000,0,0,110.9,111.6,0,0.1575,0.5924,0.0018,0,5025.00,SPXW240514P05025000,73.28,0,65,65.6,0,0.1577,-0.4078,0.0018,11
Tue May 14 2024,SPXW240514C05030000,0,0,107.8,108.4,0,0.1569,0.5838,0.0018,0,5030.00,SPXW240514P05030000,44.9,0,66.7,67.3,0,0.157,-0.4164,0.0018,4
Tue May 14 2024,SPXW240514C05035000,0,0,104.6,105.2,0,0.1561,0.5751,0.0018,0,5035.00,SPXW240514P05035000,0,0,68.5,69.1,0,0.1563,-0.4251,0.0018,0
Tue May 14 2024,SPXW240514C05040000,104.1,0,101.4,102.1,0,0.1554,0.5663,0.0018,19,5040.00,SPXW240514P05040000,47.17,0,70.3,71,0,0.1555,-0.434,0.0018,10
Tue May 14 2024,SPXW240514C05045000,0,0,98.3,99,0,0.1547,0.5573,0.0018,0,5045.00,SPXW240514P05045000,0,0,72.2,72.8,0,0.1548,-0.4429,0.0018,0
Tue May 14 2024,SPXW240514C05050000,101.18,0,95.2,95.9,0,0.154,0.5483,0.0018,2,5050.00,SPXW240514P05050000,79.98,0,74.1,74.8,0,0.1541,-0.452,0.0018,1361
Tue May 14 2024,SPXW240514C05055000,0,0,92.2,92.9,0,0.1533,0.5391,0.0019,0,5055.00,SPXW240514P05055000,0,0,76.1,76.7,0,0.1534,-0.4611,0.0019,0
Tue May 14 2024,SPXW240514C05060000,102.84,0,89.3,89.9,0,0.1526,0.5302,0.0019,2,5060.00,SPXW240514P05060000,89.04,0,78.1,78.7,0,0.1527,-0.4703,0.0019,76
Tue May 14 2024,SPXW240514C05065000,0,0,86.3,87,0,0.1519,0.5206,0.0019,0,5065.00,SPXW240514P05065000,0,0,80.2,80.8,0,0.152,-0.4797,0.0019,0
Tue May 14 2024,SPXW240514C05070000,89.43,0,83.5,84.2,0,0.1511,0.5111,0.0019,1,5070.00,SPXW240514P05070000,80.3,0,82.3,82.9,0,0.1513,-0.4891,0.0019,9
Tue May 14 2024,SPXW240514C05075000,100,0,80.6,81.3,0,0.1505,0.5016,0.0019,5,5075.00,SPXW240514P05075000,83.15,-1.5,84.4,85.1,5,0.1506,-0.4986,0.0019,15
Tue May 14 2024,SPXW240514C05080000,87,0,77.9,78.6,0,0.1498,0.492,0.0019,6,5080.00,SPXW240514P05080000,85.5,0,86.7,87.3,0,0.1499,-0.5082,0.0019,33
Tue May 14 2024,SPXW240514C05085000,0,0,75.2,75.8,0,0.1491,0.4824,0.0019,0,5085.00,SPXW240514P05085000,0,0,88.9,89.5,0,0.1492,-0.5179,0.0019,0
Tue May 14 2024,SPXW240514C05090000,82.02,0,72.5,73.1,0,0.1484,0.4726,0.0019,44,5090.00,SPXW240514P05090000,85.75,0,91.2,91.9,0,0.1485,-0.5276,0.0019,13
Tue May 14 2024,SPXW240514C05095000,0,0,69.9,70.5,0,0.1477,0.4628,0.0019,0,5095.00,SPXW240514P05095000,0,0,93.6,94.2,0,0.1478,-0.5374,0.0019,0
Tue May 14 2024,SPXW240514C05100000,76.18,1.33,67.3,67.9,2,0.147,0.453,0.0019,53,5100.00,SPXW240514P05100000,90.89,0,96,96.6,0,0.1472,-0.5473,0.0019,55
Wed May 15 2024,SPXW240515C04975000,0,0,148.4,149,0,0.1678,0.6668,0.0015,0,4975.00,SPXW240515P04975000,56.98,0,52.8,53.3,0,0.168,-0.3335,0.0015,51
Wed May 15 2024,SPXW240515C04980000,0,0,144.8,145.4,0,0.167,0.6596,0.0016,0,4980.00,SPXW240515P04980000,52.6,-2.75,54.1,54.7,2,0.1672,-0.3407,0.0016,21
Wed May 15 2024,SPXW240515C04990000,0,0,137.7,138.3,0,0.1655,0.6448,0.0016,0,4990.00,SPXW240515P04990000,56,0,57,57.6,0,0.1657,-0.3554,0.0016,1
Wed May 15 2024,SPXW240515C05000000,147.14,0,130.7,131.4,0,0.1641,0.6296,0.0016,5,5000.00,SPXW240515P05000000,62.19,0,60,60.6,0,0.1642,-0.3707,0.0016,78
Wed May 15 2024,SPXW240515C05010000,0,0,123.9,124.4,0,0.1624,0.6139,0.0017,0,5010.00,SPXW240515P05010000,63.94,-0.21,63.2,63.7,6,0.1628,-0.3863,0.0017,7
Wed May 15 2024,SPXW240515C05020000,119.69,-6.16,117.2,117.8,2,0.1611,0.5977,0.0017,0,5020.00,SPXW240515P05020000,60.18,-7.17,66.5,67,2,0.1613,-0.4025,0.0017,6
Wed May 15 2024,SPXW240515C05025000,114.06,-8.49,113.9,114.5,4,0.1603,0.5895,0.0017,17,5025.00,SPXW240515P05025000,75.83,0,68.2,68.8,0,0.1605,-0.4107,0.0017,4
Wed May 15 2024,SPXW240515C05030000,112.35,-6.9,110.8,111.3,1,0.1596,0.5812,0.0017,0,5030.00,SPXW240515P05030000,67.96,0,69.9,70.5,0,0.1599,-0.419,0.0017,31
Wed May 15 2024,SPXW240515C05040000,0,0,104.5,105,0,0.1582,0.5642,0.0018,0,5040.00,SPXW240515P05040000,72.46,-1.79,73.6,74.2,5,0.1584,-0.4357,0.0018,18
Wed May 15 2024,SPXW240515C05050000,100.45,-6.1,98.3,98.8,1,0.1567,0.5468,0.0018,700,5050.00,SPXW240515P05050000,78.43,0.53,77.4,78,61,0.157,-0.4534,0.0018,113
Wed May 15 2024,SPXW240515C05060000,95.1,0,92.3,92.9,0,0.1553,0.5291,0.0018,1,5060.00,SPXW240515P05060000,81.34,-0.41,81.3,81.9,18,0.1556,-0.4711,0.0018,8
Wed May 15 2024,SPXW240515C05070000,89,-5.55,86.6,87.1,10,0.154,0.511,0.0018,5,5070.00,SPXW240515P05070000,79.45,-6.3,85.5,86.1,49,0.1542,-0.4889,0.0018,31
Wed May 15 2024,SPXW240515C05075000,98.41,0,83.7,84.3,0,0.1532,0.5018,0.0018,26,5075.00,SPXW240515P05075000,88.5,0,87.7,88.3,0,0.1534,-0.4984,0.0018,60
Wed May 15 2024,SPXW240515C05080000,86.5,-2.25,81,81.5,52,0.1526,0.4925,0.0018,112,5080.00,SPXW240515P05080000,90.72,0,89.9,90.5,0,0.1527,-0.5077,0.0018,12
Wed May 15 2024,SPXW240515C05090000,87.5,4.35,75.6,76.1,1,0.1512,0.4738,0.0019,19,5090.00,SPXW240515P05090000,87.8,-6.55,94.4,95,1,0.1514,-0.5264,0.0019,21
Wed May 15 2024,SPXW240515C05100000,70.5,-7.25,70.4,70.9,12,0.1499,0.4549,0.0019,51,5100.00,SPXW240515P05100000,89.91,-8.94,99.2,99.8,2,0.15,-0.5453,0.0019,40
Wed May 15 2024,SPXW240515C05110000,67.9,-4.7,65.4,65.9,12,0.1486,0.4357,0.0019,182,5110.00,SPXW240515P05110000,104.64,0.99,104.1,104.7,4,0.1487,-0.5645,0.0019,14
Wed May 15 2024,SPXW240515C05120000,60.5,-7.05,60.6,61.1,4,0.1473,0.4165,0.0019,244,5120.00,SPXW240515P05120000,107.55,-1,109.3,109.9,7,0.1474,-0.5838,0.0019,56
Wed May 15 2024,SPXW240515C05125000,58.4,-6.75,58.3,58.7,9,0.1466,0.4068,0.0019,303,5125.00,SPXW240515P05125000,113.77,0,111.9,112.6,0,0.1468,-0.5934,0.0019,29
Wed May 15 2024,SPXW240515C05130000,57.1,-5.65,56,56.5,7,0.146,0.3971,0.0019,91,5130.00,SPXW240515P05130000,112.85,-0.9,114.6,115.3,1,0.1461,-0.6031,0.0019,34
Thu May 16 2024,SPXW240516C04975000,0,0,150.9,151.6,0,0.1682,0.6661,0.0015,0,4975.00,SPXW240516P04975000,55.9,0,54,54.5,0,0.1685,-0.3345,0.0015,9
Thu May 16 2024,SPXW240516C04980000,0,0,147.3,148,0,0.1675,0.659,0.0015,0,4980.00,SPXW240516P04980000,61.23,0,55.4,55.9,0,0.1677,-0.3415,0.0015,4
Thu May 16 2024,SPXW240516C04990000,0,0,140.2,140.9,0,0.1661,0.6445,0.0016,0,4990.00,SPXW240516P04990000,62.74,0,58.3,58.9,0,0.1663,-0.356,0.0016,4
Thu May 16 2024,SPXW240516C05000000,137.91,-4.09,133.2,133.9,2,0.1645,0.6296,0.0016,0,5000.00,SPXW240516P05000000,55.38,-6.87,61.3,61.9,1,0.1647,-0.3709,0.0016,29
Thu May 16 2024,SPXW240516C05010000,0,0,126.4,127.1,0,0.1631,0.6142,0.0016,0,5010.00,SPXW240516P05010000,68.96,0,64.4,65,0,0.1633,-0.3863,0.0016,1
Thu May 16 2024,SPXW240516C05020000,0,0,119.8,120.5,0,0.1616,0.5985,0.0017,0,5020.00,SPXW240516P05020000,72.3,0,67.7,68.3,0,0.1618,-0.402,0.0017,25
Thu May 16 2024,SPXW240516C05025000,0,0,116.5,117.2,0,0.161,0.5904,0.0017,0,5025.00,SPXW240516P05025000,51.8,0,69.5,70,0,0.1611,-0.4101,0.0017,20
Thu May 16 2024,SPXW240516C05030000,117.24,-4.46,113.3,114,2,0.1602,0.5823,0.0017,17,5030.00,SPXW240516P05030000,78.12,0,71.2,71.8,0,0.1605,-0.4182,0.0017,8
Thu May 16 2024,SPXW240516C05040000,112.8,0,107,107.7,0,0.1588,0.5657,0.0017,1,5040.00,SPXW240516P05040000,68.87,-6.48,74.8,75.4,1,0.159,-0.4348,0.0017,2
Thu May 16 2024,SPXW240516C05050000,106.55,0,100.8,101.5,0,0.1574,0.5487,0.0018,8,5050.00,SPXW240516P05050000,72.08,-6.92,78.6,79.2,1,0.1576,-0.4518,0.0018,20
Thu May 16 2024,SPXW240516C05060000,102.54,0,94.8,95.5,0,0.156,0.5314,0.0018,30,5060.00,SPXW240516P05060000,81.95,0,82.6,83.2,0,0.1562,-0.4692,0.0018,8
Thu May 16 2024,SPXW240516C05070000,99.3,0,89,89.7,0,0.1545,0.5137,0.0018,9,5070.00,SPXW240516P05070000,85.85,0,86.7,87.3,0,0.1548,-0.4869,0.0018,7
Thu May 16 2024,SPXW240516C05075000,98.5,0,86.2,86.8,0,0.1539,0.5047,0.0018,7,5075.00,SPXW240516P05075000,89.93,0,88.9,89.5,0,0.1542,-0.4958,0.0018,21
Thu May 16 2024,SPXW240516C05080000,90.4,0,83.4,84.1,0,0.1532,0.4957,0.0018,4,5080.00,SPXW240516P05080000,97.13,0,91,91.6,0,0.1534,-0.5049,0.0018,2
Thu May 16 2024,SPXW240516C05090000,144.79,0,78,78.6,0,0.1518,0.4774,0.0018,1,5090.00,SPXW240516P05090000,55.6,0,95.6,96.2,0,0.1521,-0.5231,0.0018,4
Thu May 16 2024,SPXW240516C05100000,75.52,0,72.7,73.3,0,0.1504,0.4588,0.0018,18,5100.00,SPXW240516P05100000,92.78,0,100.3,100.9,0,0.1508,-0.5417,0.0018,58
Thu May 16 2024,SPXW240516C05110000,73.46,0,67.7,68.3,0,0.1492,0.4401,0.0018,80,5110.00,SPXW240516P05110000,93.66,-10.94,105.2,105.8,2,0.1494,-0.5604,0.0018,35
Thu May 16 2024,SPXW240516C05120000,65.49,0,62.8,63.4,0,0.1478,0.4213,0.0018,22,5120.00,SPXW240516P05120000,114.55,0,110.3,110.9,0,0.1481,-0.5793,0.0018,41
Thu May 16 2024,SPXW240516C05125000,64.4,0,60.5,61.1,0,0.1472,0.4118,0.0018,38,5125.00,SPXW240516P05125000,102.22,-9.78,112.9,113.6,4,0.1474,-0.5887,0.0018,12
Thu May 16 2024,SPXW240516C05130000,61.91,0,58.2,58.8,0,0.1466,0.4023,0.0018,311,5130.00,SPXW240516P05130000,128.51,0,115.6,116.3,0,0.1468,-0.5982,0.0018,9
Fri May 17 2024,SPXW240517C05030000,119.4,-4.35,115.5,115.9,9,0.1605,0.5823,0.0017,341,5030.00,SPXW240517P05030000,72,-1.3,72.8,73.1,4,0.1608,-0.4183,0.0017,1675
Fri May 17 2024,SPXW240517C05035000,115,0,112.3,112.7,0,0.1599,0.5742,0.0017,34,5035.00,SPXW240517P05035000,73.4,-1.6,74.6,74.9,3,0.1601,-0.4264,0.0017,1623
Fri May 17 2024,SPXW240517C05040000,120.5,3.2,109.2,109.6,4,0.1591,0.566,0.0017,199,5040.00,SPXW240517P05040000,75.19,-1.61,76.4,76.7,11,0.1593,-0.4346,0.0017,879
Fri May 17 2024,SPXW240517C05045000,119.05,4.9,106.1,106.5,2,0.1584,0.5577,0.0017,43,5045.00,SPXW240517P05045000,78.1,-0.5,78.3,78.6,13,0.1587,-0.4429,0.0017,490
Fri May 17 2024,SPXW240517C05050000,105.1,-6,103,103.4,42,0.1578,0.5493,0.0017,692,5050.00,SPXW240517P05050000,80.6,0.15,80.2,80.5,105,0.158,-0.4513,0.0017,2832
Fri May 17 2024,SPXW240517C05055000,102.7,-5.2,100,100.3,7,0.157,0.5408,0.0017,179,5055.00,SPXW240517P05055000,83.4,1.1,82.1,82.5,20,0.1572,-0.4597,0.0017,377
Fri May 17 2024,SPXW240517C05060000,100.23,-4.62,97,97.4,15,0.1564,0.5323,0.0017,229,5060.00,SPXW240517P05060000,81.24,-3.01,84.1,84.5,5,0.1565,-0.4683,0.0017,869
Fri May 17 2024,SPXW240517C05065000,95.52,-6.33,94.1,94.5,6,0.1556,0.5236,0.0018,75,5065.00,SPXW240517P05065000,84.91,-1.29,86.2,86.5,5,0.1559,-0.4769,0.0018,394
Fri May 17 2024,SPXW240517C05070000,94.3,-4.65,91.2,91.5,9,0.155,0.5149,0.0018,368,5070.00,SPXW240517P05070000,88,-0.25,88.2,88.6,10,0.1552,-0.4857,0.0018,590
Fri May 17 2024,SPXW240517C05075000,91.1,-4.85,88.3,88.7,7,0.1543,0.5061,0.0018,647,5075.00,SPXW240517P05075000,91.1,0.8,90.4,90.8,118,0.1545,-0.4944,0.0018,674
Mon May 20 2024,SPXW240520C04975000,165.99,0,154.8,155.5,0,0.1638,0.6623,0.0015,1,4975.00,SPXW240520P04975000,55.66,-2.49,57.1,57.7,3,0.164,-0.338,0.0015,45
Mon May 20 2024,SPXW240520C04980000,0,0,151.2,151.9,0,0.1631,0.6554,0.0015,0,4980.00,SPXW240520P04980000,60.2,0,58.5,59,0,0.1634,-0.3448,0.0015,8
Mon May 20 2024,SPXW240520C04990000,148.27,0,144.1,144.8,0,0.1617,0.6414,0.0015,1,4990.00,SPXW240520P04990000,63.54,0,61.3,61.9,0,0.162,-0.3588,0.0015,44
Mon May 20 2024,SPXW240520C05000000,148.37,0,137.2,137.9,0,0.1603,0.627,0.0015,1,5000.00,SPXW240520P05000000,62.94,0,64.3,65,0,0.1606,-0.3733,0.0015,31
Mon May 20 2024,SPXW240520C05010000,133.27,0,130.4,131.2,0,0.1589,0.6122,0.0016,2,5010.00,SPXW240520P05010000,68.1,0,67.5,68.1,0,0.1592,-0.3881,0.0016,9
Mon May 20 2024,SPXW240520C05020000,126.35,0,123.8,124.5,0,0.1575,0.5969,0.0016,114,5020.00,SPXW240520P05020000,68.21,0,70.8,71.4,0,0.1578,-0.4033,0.0016,73
Mon May 20 2024,SPXW240520C05025000,135.3,6.35,120.6,121.2,1,0.1568,0.5892,0.0016,69,5025.00,SPXW240520P05025000,72.53,-0.67,72.5,73.2,5,0.157,-0.4111,0.0016,15
Mon May 20 2024,SPXW240520C05030000,0,0,117.4,118,0,0.1562,0.5813,0.0016,15,5030.00,SPXW240520P05030000,71.56,0,74.3,74.9,0,0.1565,-0.4189,0.0016,5
Mon May 20 2024,SPXW240520C05040000,0,0,111.1,111.6,0,0.1549,0.5653,0.0017,0,5040.00,SPXW240520P05040000,76.61,0,77.9,78.5,0,0.1551,-0.4349,0.0017,134
Mon May 20 2024,SPXW240520C05050000,107.08,0,104.9,105.5,0,0.1535,0.549,0.0017,2,5050.00,SPXW240520P05050000,80.36,-1.64,81.6,82.3,80,0.1538,-0.4513,0.0017,19
Mon May 20 2024,SPXW240520C05060000,104.07,0,98.9,99.5,0,0.1522,0.5323,0.0017,42,5060.00,SPXW240520P05060000,82.34,0,85.6,86.3,0,0.1524,-0.4679,0.0017,40
Mon May 20 2024,SPXW240520C05070000,98.27,0,93.1,93.6,0,0.1509,0.5153,0.0017,26,5070.00,SPXW240520P05070000,84.85,0,89.7,90.4,0,0.1511,-0.4849,0.0017,32
Mon May 20 2024,SPXW240520C05075000,95.22,0,90.2,90.8,0,0.1502,0.5067,0.0017,46,5075.00,SPXW240520P05075000,93.35,1.5,91.8,92.5,40,0.1504,-0.4935,0.0017,54
Mon May 20 2024,SPXW240520C05080000,92.07,0,87.4,88,0,0.1496,0.4981,0.0017,19,5080.00,SPXW240520P05080000,71.66,0,94,94.7,0,0.1498,-0.5022,0.0017,24
Mon May 20 2024,SPXW240520C05090000,133,0,82,82.5,0,0.1483,0.4805,0.0018,19,5090.00,SPXW240520P05090000,79.4,0,98.5,99.2,0,0.1484,-0.5197,0.0018,73
Mon May 20 2024,SPXW240520C05100000,86.92,0,76.7,77.3,0,0.147,0.4628,0.0018,28,5100.00,SPXW240520P05100000,107.8,0,103.2,103.9,0,0.1471,-0.5375,0.0018,95
Mon May 20 2024,SPXW240520C05110000,73.95,-4.7,71.7,72.2,6,0.1458,0.4448,0.0018,110,5110.00,SPXW240520P05110000,88.05,0,108,108.8,0,0.146,-0.5554,0.0018,41
Mon May 20 2024,SPXW240520C05120000,79.8,0,66.8,67.3,0,0.1445,0.4267,0.0018,6,5120.00,SPXW240520P05120000,112.1,0,113.1,113.8,0,0.1447,-0.5736,0.0018,14
Mon May 20 2024,SPXW240520C05125000,73.05,2,64.4,64.9,36,0.1439,0.4176,0.0018,21,5125.00,SPXW240520P05125000,75.74,0,115.7,116.4,0,0.1441,-0.5826,0.0018,153
Mon May 20 2024,SPXW240520C05130000,95.68,0,62.1,62.6,0,0.1433,0.4085,0.0018,113,5130.00,SPXW240520P05130000,111.45,0,118.4,119.1,0,0.1435,-0.5918,0.0018,6
Tue May 21 2024,SPXW240521C04975000,0,0,156.8,157.5,0,0.1642,0.661,0.0014,0,4975.00,SPXW240521P04975000,0,0,58.4,59,0,0.1646,-0.3393,0.0014,0
Tue May 21 2024,SPXW240521C04980000,0,0,153.2,154,0,0.1635,0.6542,0.0014,0,4980.00,SPXW240521P04980000,0,0,59.8,60.4,0,0.1639,-0.346,0.0014,0
Tue May 21 2024,SPXW240521C04990000,0,0,146.2,146.9,0,0.1621,0.6404,0.0015,0,4990.00,SPXW240521P04990000,0,0,62.7,63.3,0,0.1624,-0.3598,0.0015,0
Tue May 21 2024,SPXW240521C05000000,198.52,0,139.2,140,0,0.1608,0.6262,0.0015,48,5000.00,SPXW240521P05000000,66.48,0,65.7,66.3,0,0.161,-0.374,0.0015,5
Tue May 21 2024,SPXW240521C05010000,0,0,132.5,133.2,0,0.1594,0.6117,0.0016,0,5010.00,SPXW240521P05010000,0,0,68.9,69.5,0,0.1596,-0.3886,0.0016,0
Tue May 21 2024,SPXW240521C05020000,129.34,129.34,125.8,126.6,54,0.158,0.5967,0.0016,0,5020.00,SPXW240521P05020000,68.59,68.59,72.2,72.8,2,0.1583,-0.4036,0.0016,0
Tue May 21 2024,SPXW240521C05025000,126.02,-4.98,122.6,123.3,18,0.1574,0.5891,0.0016,51,5025.00,SPXW240521P05025000,74.36,0,73.9,74.5,0,0.1576,-0.4112,0.0016,9
Tue May 21 2024,SPXW240521C05030000,0,0,119.5,120.1,0,0.1568,0.5814,0.0016,0,5030.00,SPXW240521P05030000,72.47,72.47,75.6,76.3,2,0.1568,-0.4189,0.0016,0
Tue May 21 2024,SPXW240521C05040000,0,0,113.1,113.8,0,0.1553,0.5657,0.0016,0,5040.00,SPXW240521P05040000,0,0,79.2,79.9,0,0.1555,-0.4346,0.0016,0
Tue May 21 2024,SPXW240521C05050000,109.88,0,106.9,107.6,0,0.154,0.5496,0.0016,38,5050.00,SPXW240521P05050000,79.82,-3.58,83,83.7,2,0.1542,-0.4506,0.0016,74
Tue May 21 2024,SPXW240521C05060000,103.5,103.5,100.9,101.6,1,0.1528,0.5333,0.0017,0,5060.00,SPXW240521P05060000,0,0,87,87.6,0,0.1529,-0.467,0.0017,0
Tue May 21 2024,SPXW240521C05070000,0,0,95.1,95.8,0,0.1514,0.5166,0.0017,0,5070.00,SPXW240521P05070000,87.12,87.12,91.1,91.8,2,0.1516,-0.4837,0.0017,0
Tue May 21 2024,SPXW240521C05075000,95.59,0,92.2,92.9,0,0.1509,0.5082,0.0017,31,5075.00,SPXW240521P05075000,85.95,-7.25,93.2,93.9,1,0.1509,-0.4921,0.0017,1
Tue May 21 2024,SPXW240521C05080000,0,0,89.4,90.1,0,0.1502,0.4996,0.0017,0,5080.00,SPXW240521P05080000,0,0,95.4,96,0,0.1503,-0.5006,0.0017,0
Tue May 21 2024,SPXW240521C05090000,0,0,83.9,84.6,0,0.1489,0.4824,0.0017,0,5090.00,SPXW240521P05090000,0,0,99.8,100.5,0,0.1491,-0.5178,0.0017,0
Tue May 21 2024,SPXW240521C05100000,84.97,0,78.6,79.3,0,0.1475,0.465,0.0017,313,5100.00,SPXW240521P05100000,114.39,0,104.5,105.2,0,0.1477,-0.5352,0.0017,311
Tue May 21 2024,SPXW240521C05110000,76,-4.7,73.6,74.3,2,0.1463,0.4474,0.0017,25,5110.00,SPXW240521P05110000,0,0,109.3,110,0,0.1466,-0.5529,0.0017,0
Tue May 21 2024,SPXW240521C05120000,76.4,0,68.7,69.3,0,0.1451,0.4296,0.0017,2,5120.00,SPXW240521P05120000,108.16,0,114.4,115,0,0.1453,-0.5706,0.0017,1
Tue May 21 2024,SPXW240521C05125000,73.1,0,66.3,66.8,0,0.1445,0.4207,0.0017,6,5125.00,SPXW240521P05125000,106.32,-9.68,116.9,117.6,4,0.1448,-0.5796,0.0017,1
Tue May 21 2024,SPXW240521C05130000,67.68,0,64,64.6,0,0.1439,0.4117,0.0017,9,5130.00,SPXW240521P05130000,94.16,0,119.6,120.3,0,0.1441,-0.5885,0.0017,4
Wed May 22 2024,SPXW240522C04850000,257.49,0,248.7,262,0,0.1826,0.7945,0.001,19,4850.00,SPXW240522P04850000,31.2,-3.9,33.6,34.2,1,0.1831,-0.2058,0.001,2
Wed May 22 2024,SPXW240522C04900000,218.62,0,210.6,221.6,0,0.1755,0.7477,0.0012,9,4900.00,SPXW240522P04900000,42.12,-1.53,42.3,42.9,1,0.1757,-0.2526,0.0012,4
Wed May 22 2024,SPXW240522C04925000,198.74,0,190.9,202.5,0,0.1719,0.7208,0.0012,7,4925.00,SPXW240522P04925000,47.27,-1.48,47.5,48.1,1,0.172,-0.2795,0.0012,30
Wed May 22 2024,SPXW240522C04950000,178.94,0,171.9,182.6,0,0.1682,0.6915,0.0013,138,4950.00,SPXW240522P04950000,0,0,53.3,53.9,0,0.1685,-0.3088,0.0013,0
Wed May 22 2024,SPXW240522C04975000,167.48,0,158.8,159.6,0,0.1648,0.6597,0.0014,69,4975.00,SPXW240522P04975000,59.9,0,59.8,60.5,0,0.1649,-0.3406,0.0014,11
Wed May 22 2024,SPXW240522C05000000,143.62,-6.28,141.3,142,29,0.1613,0.6255,0.0015,123,5000.00,SPXW240522P05000000,67.94,0,67.1,67.8,0,0.1615,-0.3748,0.0015,16
Wed May 22 2024,SPXW240522C05025000,135,0,124.7,125.4,0,0.1579,0.5889,0.0016,69,5025.00,SPXW240522P05025000,80.7,0,75.3,76,0,0.1581,-0.4114,0.0016,20
Wed May 22 2024,SPXW240522C05030000,129.78,0,121.4,122.1,0,0.1573,0.5813,0.0016,1,5030.00,SPXW240522P05030000,58.25,0,77.1,77.8,0,0.1574,-0.419,0.0016,110
Wed May 22 2024,SPXW240522C05040000,0,0,115.1,115.8,0,0.1559,0.5659,0.0016,0,5040.00,SPXW240522P05040000,89.5,0,80.7,81.4,0,0.156,-0.4344,0.0016,1
Wed May 22 2024,SPXW240522C05050000,114.22,-2.68,108.9,109.6,1000,0.1546,0.5501,0.0016,0,5050.00,SPXW240522P05050000,93.31,0,84.4,85.2,0,0.1548,-0.4501,0.0016,9
Wed May 22 2024,SPXW240522C05060000,119.56,0,102.9,103.6,0,0.1533,0.534,0.0016,41,5060.00,SPXW240522P05060000,86.2,0,88.4,89.1,0,0.1534,-0.4662,0.0016,36
Wed May 22 2024,SPXW240522C05070000,112.76,0,97.1,97.8,0,0.152,0.5177,0.0017,42,5070.00,SPXW240522P05070000,101.16,0,92.5,93.2,0,0.1522,-0.4826,0.0017,13
Wed May 22 2024,SPXW240522C05075000,95.57,-6.33,94.2,94.9,2,0.1514,0.5094,0.0017,6,5075.00,SPXW240522P05075000,86.36,-8.14,94.6,95.3,2,0.1516,-0.4909,0.0017,5
Wed May 22 2024,SPXW240522C05080000,98.31,0,91.4,92.1,0,0.1507,0.501,0.0017,27,5080.00,SPXW240522P05080000,87.07,-9.53,96.8,97.5,6,0.1509,-0.4992,0.0017,5
Wed May 22 2024,SPXW240522C05090000,94.57,0,85.9,86.6,0,0.1495,0.4841,0.0017,9,5090.00,SPXW240522P05090000,92.37,-8.53,101.2,101.9,4,0.1497,-0.5161,0.0017,2
Wed May 22 2024,SPXW240522C05100000,82.37,-5.43,80.6,81.3,3,0.1482,0.467,0.0017,400,5100.00,SPXW240522P05100000,96.93,-8.47,105.9,106.6,194,0.1484,-0.5332,0.0017,428
Wed May 22 2024,SPXW240522C05110000,92.16,0,75.5,76.1,0,0.1469,0.4497,0.0017,11,5110.00,SPXW240522P05110000,99.36,-10.64,110.7,111.4,68,0.1472,-0.5505,0.0017,1
Wed May 22 2024,SPXW240522C05120000,86.82,0,70.5,71.2,0,0.1458,0.4323,0.0017,118,5120.00,SPXW240522P05120000,107.16,-7.64,115.7,116.4,2,0.146,-0.568,0.0017,1
Wed May 22 2024,SPXW240522C05125000,71.27,-3.63,68.1,68.8,121,0.1452,0.4235,0.0017,102,5125.00,SPXW240522P05125000,113.4,-3.9,118.2,119,48,0.1454,-0.5768,0.0017,28
Wed May 22 2024,SPXW240522C05130000,75.52,3.12,65.8,66.5,2,0.1445,0.4147,0.0017,329,5130.00,SPXW240522P05130000,91.08,0,120.9,121.6,0,0.1448,-0.5856,0.0017,3
Thu May 23 2024,SPXW240523C04975000,174.34,0,163.2,163.9,0,0.1664,0.6611,0.0014,1,4975.00,SPXW240523P04975000,0,0,61,61.7,0,0.1666,-0.3396,0.0014,0
Thu May 23 2024,SPXW240523C04980000,0,0,159.6,160.4,0,0.1658,0.6547,0.0014,0,4980.00,SPXW240523P04980000,61.12,-2.38,62.4,63.1,2,0.1659,-0.3461,0.0014,0
Thu May 23 2024,SPXW240523C04990000,0,0,152.5,153.3,0,0.1644,0.6414,0.0014,0,4990.00,SPXW240523P04990000,0,0,65.3,66,0,0.1645,-0.3594,0.0014,0
Thu May 23 2024,SPXW240523C05000000,156.77,0,145.6,146.4,0,0.1631,0.6278,0.0014,1,5000.00,SPXW240523P05000000,0,0,68.3,69,0,0.1632,-0.373,0.0014,0
Thu May 23 2024,SPXW240523C05010000,0,0,138.8,139.6,0,0.1617,0.6138,0.0015,0,5010.00,SPXW240523P05010000,72.19,-0.16,71.5,72.2,6,0.1618,-0.3869,0.0015,8
Thu May 23 2024,SPXW240523C05020000,135.64,-5.01,132.2,133,54,0.1603,0.5995,0.0015,0,5020.00,SPXW240523P05020000,0,0,74.7,75.5,0,0.1605,-0.4012,0.0015,0
Thu May 23 2024,SPXW240523C05025000,132.32,-5.03,128.9,129.7,18,0.1596,0.5922,0.0015,1,5025.00,SPXW240523P05025000,0,0,76.4,77.2,0,0.1598,-0.4085,0.0015,0
Thu May 23 2024,SPXW240523C05030000,128.99,-5.06,125.6,126.4,6,0.159,0.5849,0.0015,0,5030.00,SPXW240523P05030000,0,0,78.2,78.9,0,0.1592,-0.4159,0.0015,0
Thu May 23 2024,SPXW240523C05040000,130.72,3.12,119.3,120.1,2,0.1577,0.5699,0.0016,0,5040.00,SPXW240523P05040000,82.29,0,81.8,82.5,0,0.1579,-0.4309,0.0016,1
Thu May 23 2024,SPXW240523C05050000,120.06,-1.19,113.1,113.9,2,0.1564,0.5546,0.0016,0,5050.00,SPXW240523P05050000,86.53,0.58,85.5,86.2,60,0.1565,-0.4462,0.0016,8
Thu May 23 2024,SPXW240523C05060000,120.32,5.22,107,107.8,2,0.1552,0.5389,0.0016,2,5060.00,SPXW240523P05060000,89.39,-0.36,89.4,90.1,18,0.1552,-0.4619,0.0016,2
Thu May 23 2024,SPXW240523C05070000,114.02,4.97,101.1,101.9,92,0.1539,0.523,0.0016,48,5070.00,SPXW240523P05070000,0,0,93.4,94.2,0,0.154,-0.4778,0.0016,0
Thu May 23 2024,SPXW240523C05075000,111.55,5.4,98.3,99.1,2,0.1532,0.515,0.0016,26,5075.00,SPXW240523P05075000,0,0,95.5,96.3,0,0.1533,-0.4858,0.0016,0
Thu May 23 2024,SPXW240523C05080000,100.57,0,95.4,96.2,0,0.1526,0.5068,0.0016,39,5080.00,SPXW240523P05080000,0,0,97.7,98.4,0,0.1528,-0.4939,0.0016,0
Thu May 23 2024,SPXW240523C05090000,97.53,0.03,89.9,90.6,27,0.1513,0.4904,0.0016,19,5090.00,SPXW240523P05090000,0,0,102.1,102.8,0,0.1515,-0.5104,0.0016,0
Thu May 23 2024,SPXW240523C05100000,87.94,0,84.5,85.3,0,0.1502,0.4738,0.0017,3,5100.00,SPXW240523P05100000,0,0,106.6,107.4,0,0.1503,-0.527,0.0017,0
Thu May 23 2024,SPXW240523C05110000,81.87,-4.73,79.4,80.1,4,0.1489,0.457,0.0017,2,5110.00,SPXW240523P05110000,111.89,0.94,111.4,112.2,6,0.1491,-0.5438,0.0017,0
Thu May 23 2024,SPXW240523C05125000,80.14,1.29,71.9,72.6,56,0.1471,0.4314,0.0017,10,5125.00,SPXW240523P05125000,0,0,118.8,119.6,0,0.1473,-0.5694,0.0017,0
Thu May 23 2024,SPXW240523C05150000,63.42,0,60.4,61.1,0,0.1442,0.3884,0.0017,13,5150.00,SPXW240523P05150000,0,0,132.2,133,0,0.1444,-0.6124,0.0017,0
Thu May 23 2024,SPXW240523C05200000,43.76,-2.54,41,41.7,2,0.1388,0.3028,0.0016,54,5200.00,SPXW240523P05200000,0,0,156.8,168.5,0,0.1388,-0.698,0.0016,0
Fri May 24 2024,SPXW240524C05005000,155.15,0,144.2,144.8,0,0.1625,0.6205,0.0014,1,5005.00,SPXW240524P05005000,75.3,0,71.1,71.7,0,0.1628,-0.3802,0.0014,10
Fri May 24 2024,SPXW240524C05010000,147.8,0,140.8,141.4,0,0.1618,0.6136,0.0015,14,5010.00,SPXW240524P05010000,67.13,-6.27,72.7,73.3,1,0.1621,-0.3872,0.0015,67
Fri May 24 2024,SPXW240524C05015000,0,0,137.4,138.1,0,0.1612,0.6066,0.0015,0,5015.00,SPXW240524P05015000,67,0,74.4,74.9,0,0.1614,-0.3942,0.0015,10
Fri May 24 2024,SPXW240524C05020000,147.9,0,134.1,134.8,0,0.1605,0.5995,0.0015,74,5020.00,SPXW240524P05020000,76.4,-0.2,76,76.6,6,0.1608,-0.4013,0.0015,53
Fri May 24 2024,SPXW240524C05025000,133.24,-5.91,130.9,131.5,2,0.1599,0.5923,0.0015,14,5025.00,SPXW240524P05025000,78.1,-0.15,77.7,78.3,6,0.1601,-0.4085,0.0015,248
Fri May 24 2024,SPXW240524C05030000,137.6,0,127.6,128.2,0,0.1592,0.5851,0.0015,19,5030.00,SPXW240524P05030000,77.02,-2.93,79.4,80,1,0.1594,-0.4157,0.0015,66
Fri May 24 2024,SPXW240524C05035000,133.6,0,124.4,125.1,0,0.1586,0.5777,0.0015,17,5035.00,SPXW240524P05035000,84.6,0,81.2,81.8,0,0.1588,-0.4231,0.0015,5
Fri May 24 2024,SPXW240524C05040000,120.9,0,121.3,121.9,0,0.158,0.5703,0.0015,28,5040.00,SPXW240524P05040000,80.87,-2.53,83,83.6,1,0.1582,-0.4305,0.0015,91
Fri May 24 2024,SPXW240524C05045000,129.2,3,118.2,118.8,5,0.1573,0.5628,0.0016,17,5045.00,SPXW240524P05045000,86.2,0,84.9,85.5,0,0.1575,-0.438,0.0016,26
Fri May 24 2024,SPXW240524C05050000,128.65,5.6,115.1,115.7,4,0.1567,0.5552,0.0016,38,5050.00,SPXW240524P05050000,84.07,-2.98,86.7,87.4,6,0.1568,-0.4456,0.0016,187
Fri May 24 2024,SPXW240524C05055000,121.1,1.15,112,112.6,9,0.156,0.5476,0.0016,34,5055.00,SPXW240524P05055000,96.97,0,88.7,89.3,0,0.1562,-0.4532,0.0016,13
Fri May 24 2024,SPXW240524C05060000,111.3,-5.55,109,109.6,15,0.1554,0.5398,0.0016,14,5060.00,SPXW240524P05060000,95.33,0,90.6,91.3,0,0.1556,-0.4609,0.0016,134
Fri May 24 2024,SPXW240524C05065000,118.6,4.75,106,106.7,6,0.1547,0.532,0.0016,20,5065.00,SPXW240524P05065000,83.3,0,92.6,93.3,0,0.155,-0.4687,0.0016,15
Fri May 24 2024,SPXW240524C05070000,113,2.15,103.1,103.7,20,0.1542,0.5242,0.0016,3,5070.00,SPXW240524P05070000,100.88,0,94.7,95.3,0,0.1543,-0.4766,0.0016,65
Fri May 24 2024,SPXW240524C05075000,101.47,-6.38,100.2,100.8,4,0.1535,0.5163,0.0016,228,5075.00,SPXW240524P05075000,96,-0.75,96.8,97.4,8,0.1537,-0.4845,0.0016,239
Fri May 24 2024,SPXW240524C05080000,100.46,-4.49,97.4,98,2,0.1529,0.5083,0.0016,31,5080.00,SPXW240524P05080000,90.1,-8.65,98.9,99.5,5,0.153,-0.4925,0.0016,82
Fri May 24 2024,SPXW240524C05085000,97.3,-4.75,94.6,95.2,13,0.1523,0.5002,0.0016,13,5085.00,SPXW240524P05085000,98.9,-1.95,101.1,101.7,2,0.1524,-0.5006,0.0016,18
Fri May 24 2024,SPXW240524C05090000,103.91,4.66,91.8,92.5,2,0.1517,0.4921,0.0016,12,5090.00,SPXW240524P05090000,99.7,0,103.3,103.9,0,0.1518,-0.5087,0.0016,82
Fri May 24 2024,SPXW240524C05095000,100.6,4.15,89.1,89.7,4,0.1511,0.484,0.0016,22,5095.00,SPXW240524P05095000,101.8,0,105.5,106.1,0,0.1512,-0.5168,0.0016,248
Fri May 24 2024,SPXW240524C05100000,95.68,1.93,86.4,87.1,1,0.1505,0.4758,0.0016,167,5100.00,SPXW240524P05100000,104.25,-3.1,107.8,108.4,24,0.1506,-0.525,0.0016,250
Fri May 31 2024,SPXW240531C05005000,178.83,0,152.8,153.4,0,0.1592,0.6188,0.0014,10,5005.00,SPXW240531P05005000,77.2,0,76.4,77,0,0.1592,-0.3818,0.0014,82
Fri May 31 2024,SPXW240531C05010000,151,-6.65,149.4,150,5,0.1586,0.6123,0.0014,65,5010.00,SPXW240531P05010000,76.63,-1.97,78,78.6,26,0.1585,-0.3883,0.0014,543
Fri May 31 2024,SPXW240531C05015000,151.37,-2.88,146,146.7,11,0.1579,0.6057,0.0014,27,5015.00,SPXW240531P05015000,88.1,0,79.7,80.2,0,0.1579,-0.3948,0.0014,88
Fri May 31 2024,SPXW240531C05020000,144.4,-6.45,142.7,143.3,4,0.1573,0.5991,0.0014,85,5020.00,SPXW240531P05020000,83.1,1.3,81.3,81.9,1,0.1573,-0.4015,0.0014,552
Fri May 31 2024,SPXW240531C05025000,143,-4.6,139.5,140.1,13,0.1567,0.5924,0.0014,172,5025.00,SPXW240531P05025000,80.69,-2.71,83,83.6,3,0.1567,-0.4082,0.0014,427
Fri May 31 2024,SPXW240531C05030000,150.28,6.03,136.2,136.8,3,0.1561,0.5856,0.0014,31,5030.00,SPXW240531P05030000,83.23,-1.87,84.7,85.3,29,0.156,-0.415,0.0014,303
Fri May 31 2024,SPXW240531C05035000,135.9,-5.15,133,133.6,5,0.1555,0.5787,0.0014,44,5035.00,SPXW240531P05035000,88.6,0,86.5,87.1,0,0.1554,-0.4219,0.0014,315
Fri May 31 2024,SPXW240531C05040000,132.5,-5.3,129.9,130.5,5,0.1548,0.5717,0.0014,121,5040.00,SPXW240531P05040000,79.1,-9.45,88.3,88.9,2,0.1548,-0.4289,0.0014,387
Fri May 31 2024,SPXW240531C05045000,135.9,0,126.8,127.3,0,0.1543,0.5647,0.0014,27,5045.00,SPXW240531P05045000,84.9,0,90.1,90.7,0,0.1542,-0.4359,0.0014,75
Fri May 31 2024,SPXW240531C05050000,125.3,-6.15,123.7,124.2,43,0.1537,0.5576,0.0015,214,5050.00,SPXW240531P05050000,92.44,0.29,92,92.6,31,0.1536,-0.443,0.0015,6319
Fri May 31 2024,SPXW240531C05055000,124.24,0,120.6,121.2,0,0.153,0.5505,0.0015,78,5055.00,SPXW240531P05055000,92.1,-1.9,93.9,94.5,1,0.153,-0.4501,0.0015,105
Fri May 31 2024,SPXW240531C05060000,130.58,5.33,117.6,118.1,3,0.1525,0.5432,0.0015,54,5060.00,SPXW240531P05060000,95.29,0,95.8,96.4,0,0.1524,-0.4574,0.0015,664
Fri May 31 2024,SPXW240531C05065000,117.4,-4.85,114.6,115.1,33,0.1519,0.536,0.0015,117,5065.00,SPXW240531P05065000,95.32,-2.48,97.8,98.4,16,0.1517,-0.4646,0.0015,57
Fri May 31 2024,SPXW240531C05070000,118.5,-0.75,111.6,112.2,10,0.1513,0.5286,0.0015,84,5070.00,SPXW240531P05070000,97.27,-2.48,99.8,100.4,12,0.1512,-0.472,0.0015,283
Fri May 31 2024,SPXW240531C05075000,115.5,-0.75,108.7,109.3,15,0.1508,0.5212,0.0015,455,5075.00,SPXW240531P05075000,100.7,-1.05,101.9,102.5,5,0.1506,-0.4794,0.0015,2292
Fri May 31 2024,SPXW240531C05080000,106.9,-6.45,105.8,106.4,71,0.1502,0.5138,0.0015,389,5080.00,SPXW240531P05080000,97.7,0,104,104.6,0,0.15,-0.4868,0.0015,130
Fri May 31 2024,SPXW240531C05085000,109.3,-1.1,103,103.6,9,0.1496,0.5063,0.0015,30,5085.00,SPXW240531P05085000,103.14,-2.71,106.1,106.7,54,0.1494,-0.4943,0.0015,111
Fri May 31 2024,SPXW240531C05090000,105.7,0,100.2,100.8,0,0.149,0.4987,0.0015,60,5090.00,SPXW240531P05090000,108.51,0.56,108.3,108.9,2,0.1489,-0.5019,0.0015,1341
Fri May 31 2024,SPXW240531C05095000,106.2,1.45,97.5,98,7,0.1484,0.4911,0.0015,59,5095.00,SPXW240531P05095000,108.9,-1.15,110.5,111.1,12,0.1483,-0.5095,0.0015,169
Fri May 31 2024,SPXW240531C05100000,97.7,-4.25,94.8,95.4,25,0.1478,0.4834,0.0015,2163,5100.00,SPXW240531P05100000,113,0.75,112.7,113.3,94,0.1478,-0.5171,0.0015,4205
